article_id,url,outlet,published,metro,fips_guess,title,found_via,fetched_ok,n_words,dup_of,date_source,gdelt_seendate,stratum
d55183fed9e6,https://abc7chicago.com/post/karoline-leavitt-press-briefing-youngest-white-house-secretary-will-make-debut-room/15843932/,abc7chicago.com,2025-01-28,chi,17031,Karoline Leavitt press briefing: Youngest White House press secretary makes her debut in the briefing room,gdelt,True,511,,jsonld,2025-01-28,
65c7ab5ab6a4,https://chicago.suntimes.com/food-and-restaurants/2025/01/30/sikia-restaurant-englewood-fine-dining-kennedy-king-college-washburne-culinary-hospitality-institute,chicago.suntimes.com,2025-01-30,chi,17031,"Sikia, Englewood's only fine dining restaurant, reopens for the first time in five years",gdelt,True,601,,jsonld,2025-01-31,
63cc7f892122,https://chicago.suntimes.com/business/2025/10/07/jellycat-plushy-nordstrom,chicago.suntimes.com,2025-10-07,chi,17031,Chicagoans flock to nation's second store for viral Jellycat plushies,gdelt,True,592,,jsonld,2025-10-07,
6c08abb37ff1,https://chicago.suntimes.com/health/2025/12/29/health-officials-see-spike-in-flu-cases-in-cook-county-say-its-not-too-late-to-get-shots,chicago.suntimes.com,2025-12-29,chi,17031,"Health officials see spike in flu cases in Cook County, say it's not too late to get shots",gdelt,True,833,5a48f27e5f83,jsonld,2025-12-30,
65e694c94e41,https://www.chicagotribune.com/2025/01/24/pga-tour-riviera-moving-torrey-pines-wildfires/,chicagotribune.com,2025-01-24,chi,17031,PGA Tour's Riviera tournament moving to Torrey Pines,gdelt,True,489,,jsonld,2025-01-24,
1db92f1bc2a7,https://www.chicagotribune.com/2025/01/25/former-dunes-tourism-director-finds-a-new-mission-in-papua-new-guinea/,chicagotribune.com,2025-01-25,chi,17031,Former Dunes Tourism director finds a new mission in Papua New Guinea,gdelt,True,532,,jsonld,2025-01-25,
a29805615698,https://www.chicagotribune.com/2025/01/27/cdc-who/,chicagotribune.com,2025-01-27,chi,17031,"CDC ordered to stop working with WHO immediately, upending expectations of an extended withdrawal",gdelt,True,628,,jsonld,2025-01-27,
e76507f36951,https://www.chicagotribune.com/2025/01/31/gov-jb-pritzker-wants-those-involved-in-jan-6-capitol-riot-blocked-from-state-employment/,chicagotribune.com,2025-01-31,chi,17031,Pritzker wants to block Jan. 6 rioters from state employment,gdelt,True,282,,jsonld,2025-01-31,
ded691b8ea52,https://www.chicagotribune.com/2025/10/10/chicago-marathon-2025-course-guide/,chicagotribune.com,2025-10-10,chi,17031,Chicago Marathon 2025: Course map and how to drive downtown (or avoid it),gdelt,True,1464,,jsonld,2025-10-10,
72b3cb11dcd4,https://www.chicagotribune.com/2025/12/30/flu-variant-subclade-k/,chicagotribune.com,2025-12-30,chi,17031,"Flu is rising rapidly, driven by a new variant",gdelt,True,608,,jsonld,2025-12-31,
1b6080f4c83e,https://www.chicagotribune.com/2025/12/31/letters-123125-hopes-new-year/,chicagotribune.com,2025-12-31,chi,17031,Letters: Letter writers share their hopes for the new year,gdelt,True,1275,,jsonld,2025-12-31,
b476be3d7d7b,https://www.nbcchicago.com/news/national-international/flu-is-rising-nationwide-cdc-reports-with-spikes-in-er-visits/3655733/,nbcchicago.com,2025-01-24,chi,17031,"Flu is rising nationwide, CDC reports, with spikes in ER visits",gdelt,True,653,,jsonld,2025-01-25,
e88fc652f77b,https://www.nbcchicago.com/consumer/the-new-tax-changes-you-should-know-about-before-filing-your-return/3657239/,nbcchicago.com,2025-01-27,chi,17031,New tax season changes you should know about – NBC Chicago,gdelt,True,839,,jsonld,2025-01-28,
a96f98291974,https://www.nbcchicago.com/news/national-international/nations-report-card-us-children-reading-math/3659071/,nbcchicago.com,2025-01-29,chi,17031,US children fall further behind in reading on national exam – NBC Chicago,gdelt,True,1238,,jsonld,2025-01-29,
5214c22aa178,https://www.nbcchicago.com/news/national-international/bird-flu-back/3836036/,nbcchicago.com,2025-10-09,chi,17031,"After a summer respite, bird flu is back",gdelt,True,984,,jsonld,2025-10-09,
5a48f27e5f83,https://www.nbcchicago.com/news/local/health-officials-see-spike-in-flu-cases-in-cook-county-after-christmas-holiday/3869179/,nbcchicago.com,2025-12-29,chi,17031,Health officials see spike in flu cases in Cook County – NBC Chicago,gdelt,True,837,,jsonld,2025-12-30,
f9c9967e2866,https://www.nbcchicago.com/news/local/surge-in-feds-in-minnesota-focuses-on-alleged-fraud-at-day-care-centers/3869542/,nbcchicago.com,2025-12-30,chi,17031,Fed officers in Minnesota focus on alleged day care center fraud – NBC Chicago,gdelt,True,613,,jsonld,2025-12-30,
0ba091bf82b0,https://www.nbcchicago.com/news/national-international/new-measles-cases-south-carolina-us-verge-losing-elimination-status/3869642/,nbcchicago.com,2025-12-30,chi,17031,South Carolina measles cases put U.S. on verge of losing elimination status – NBC Chicago,gdelt,True,745,,jsonld,2025-12-31,
6996146d91a2,https://www.nbcchicago.com/news/local/flu-cases-spike-nationwide-as-new-years-eve-approaches/3869644/,nbcchicago.com,2025-12-30,chi,17031,"Flu cases rise in US, Illinois ahead of New Year's Eve – NBC Chicago",gdelt,True,387,,jsonld,2025-12-31,
facd552c3ca4,https://www.nbcchicago.com/news/national-international/flu-surging-nationwide-doctors-nowhere-near-peak/3869601/,nbcchicago.com,2025-12-30,chi,17031,"Flu surging nationwide, and doctors say we're nowhere near peak – NBC Chicago",gdelt,True,1138,,jsonld,2025-12-31,
45b29acf59f6,https://www.nbcchicago.com/news/national-international/flu-virus-new-variant-what-to-know/3869885/,nbcchicago.com,2025-12-31,chi,17031,Flu is rising rapidly. Here's what to know – NBC Chicago,gdelt,True,607,72b3cb11dcd4,jsonld,2025-12-31,
b5d7edca716a,https://www.wbez.org/theater-stages/2025/10/06/sondra-radvanovsky-medea-lyric-opera-chicago,wbez.org,2025-10-06,chi,17031,"Sondra Radvanovsky returns to Chicago in ""Medea""",gdelt,True,1117,,jsonld,2025-10-06,
8b51097b67f7,https://blockclubchicago.org/2025/01/06/flu-rsv-cases-spike-as-respiratory-virus-season-in-chicago-hits-full-swing/,blockclubchicago.org,2025-01-06,chi,17031,"Flu, RSV Cases Spike As Respiratory Virus Season In Chicago Hits 'Full Swing'",search,True,566,,jsonld,,respiratory
e598f805ea10,https://www.nbcchicago.com/news/local/illinois-at-high-level-for-respiratory-illness-following-notable-increase-in-flu-hospitalizations/3664109/,nbcchicago.com,2025-02-03,chi,17031,Illinois at 'high' level for respiratory illness following 'notable increase' in flu cases,search,True,651,,jsonld,,respiratory
98e77a7658ac,https://www.cbsnews.com/chicago/news/illinois-department-of-health-flu-cases/,cbsnews.com,2025-02-04,chi,17031,"Illinois health officials report uptick in flu cases, hospital visits",search,True,607,,jsonld,,respiratory
66011c0dfe40,https://abc7chicago.com/post/flu-cases-surge-illinois-respiratory-virus-season-most-intense-least-15-years/15879016/,abc7chicago.com,2025-02-07,chi,17031,Flu cases surge in Illinois as respiratory virus season at most intense in at least 15 years,search,True,412,,jsonld,,respiratory
a3b11607ef4e,https://www.wbez.org/health-medicine/2025/02/10/flu-cases-spike-chicago,wbez.org,2025-02-10,chi,17031,"Chicago flu cases spike, most intense in 15 years. Here's where to get a free vaccine.",search,True,491,,jsonld,,respiratory
e8f3eacd8a97,https://www.wbez.org/politics/2025/05/23/how-medicaid-cuts-from-congress-could-affect-every-cook-county-resident,wbez.org,2025-05-23,chi,17031,How Medicaid cuts from Congress could affect every Cook County resident,search,True,1490,,jsonld,,hard_negative
da32686e28a1,https://blockclubchicago.org/2025/06/20/it-could-feel-like-105-degrees-as-a-heat-wave-hits-chicago-heres-how-to-stay-safe/,blockclubchicago.org,2025-06-20,chi,17031,It Could Feel Like 105 Degrees As A Heat Wave Hits Chicago. Here's How To Stay Safe,search,True,833,,jsonld,,hard_negative
ede6c02c21f3,https://blockclubchicago.org/2025/09/30/chicagoans-encouraged-to-get-flu-covid-shots-as-health-department-breaks-with-feds/,blockclubchicago.org,2025-09-30,chi,17031,"Chicagoans Encouraged To Get Flu, COVID Shots As Health Department Breaks With Feds",search,True,514,,jsonld,,quiet
0a5f6216b94b,https://chicago.suntimes.com/health/2025/10/14/cook-county-residents-free-covid-flu-shots,chicago.suntimes.com,2025-10-14,chi,17031,"Cook County residents can get free COVID, flu shots at county clinics starting this weekend",search,True,176,,jsonld,,quiet
c093496de45d,https://www.wbez.org/health-medicine/2025/11/24/chicago-expected-to-experience-worse-flu-season,wbez.org,2025-11-24,chi,17031,"Chicago expected to experience worse flu season this year, officials say",search,True,505,,jsonld,,respiratory
75dc7167af67,https://www.cbsnews.com/chicago/news/doctors-in-chicago-warn-about-possible-surge-in-flu-cases/,cbsnews.com,2025-12-22,chi,17031,Doctors in Chicago warn about possible surge in flu cases as new strain spreads,search,True,446,,jsonld,,respiratory
d0d0ad17c54e,https://abc7chicago.com/post/flu-season-2025-subclade-variant-known-super-showing-fast-symptoms-amid-holiday-gatherings/18330848/,abc7chicago.com,2025-12-29,chi,17031,New flu variant 'super' K linked to spike in cases amid holiday gatherings,search,True,434,,jsonld,2025-12-29,respiratory
51312ef42ee1,https://www.cbsnews.com/chicago/news/health-experts-warn-about-rise-in-respiratory-illnesses-chicago-cook-county/,cbsnews.com,2025-12-30,chi,17031,"Doctors warn about spike in respiratory illnesses in Chicago, Cook County",search,True,395,,jsonld,,respiratory
5755343d7c56,https://blockclubchicago.org/2026/01/05/flu-hospitalizations-in-chicago-hit-3-year-high/,blockclubchicago.org,2026-01-05,chi,17031,Flu Hospitalizations In Chicago Hit 3-Year High,search,True,389,,jsonld,,respiratory
126dbaaa15c0,https://www.cbsnews.com/chicago/news/illinois-1st-child-death-flu-2026/,cbsnews.com,2026-01-05,chi,17031,Illinois reports 1st child death from flu in 2025/2026 season as cases keep climbing,search,True,269,,jsonld,,respiratory
68ddcde05efb,https://www.cbsnews.com/chicago/news/severe-flu-season-hospitals-emergency-room-visits/,cbsnews.com,2026-01-07,chi,17031,Severe flu season overwhelming Chicago area hospitals with more patients visiting ERs,search,True,434,,jsonld,,respiratory
5fca4c79f7d7,https://www.nbcchicago.com/news/local/what-virus-is-going-around-most-which-illnesses-are-circulating-right-now-in-illinois/3872885/,nbcchicago.com,2026-01-07,chi,17031,What virus is going around most? Which illnesses are circulating right now in Illinois,search,True,904,,jsonld,,respiratory
d63371dec95d,https://wishtv.com/news/coronavirus/the-cia-believes-covid-most-likely-originated-from-a-lab-but-has-low-confidence-in-its-own-finding/,wishtv.com,2025-01-26,ind,18097,The CIA believes COVID most likely originated from a lab,gdelt,True,714,,jsonld,2025-01-27,
3eb962e94014,https://www.wishtv.com/news/politics/insurance-navigator-health-insurance-subsidies-still-available-in-2026/,wishtv.com,2025-12-29,ind,18097,Insurance navigator: Health insurance subsidies still available in 2026,gdelt,True,506,,jsonld,2025-12-30,
f5e0d951648f,https://mirrorindy.org/free-flu-shots-vaccines-mobile-clinic-far-east-side-indianapolis/,mirrorindy.org,2024-11-16,ind,18097,Free flu shot clinic Nov. 16 on the far east side,search,True,87,,jsonld,,quiet
c898f4f1b59d,https://www.wishtv.com/news/health-spotlight/marion-county-hospital-visitor-restrictions-2024/,wishtv.com,2024-12-13,ind,18097,Marion County to start visitor restrictions at hospitals amid surge in respiratory viruses,search,True,817,,jsonld,,respiratory
95eb93084b19,https://mirrorindy.org/indianapolis-flu-cases-surge-cdc-health-illness-hospitals/,mirrorindy.org,2025-02-12,ind,18097,'We're still climbing': Flu cases are surging in Indy,search,True,417,,jsonld,,respiratory
3c1a2b002d45,https://wishtv.com/news/health-spotlight/flu-activity-reaches-highest-level-in-indiana/,wishtv.com,2025-02-12,ind,18097,Indiana reports highest flu activity of the season with 57 deaths,search,True,252,,jsonld,,respiratory
9306bdd6e7b2,https://www.wfyi.org/wfyi-news/2025-03-07/emergency-services-respond-to-suspected-mass-overdose-in-downtown-indianapolis-friday,wfyi.org,2025-03-06,ind,18097,Emergency services respond to suspected mass overdose in downtown Indianapolis Friday,search,True,306,,jsonld,,hard_negative
35106334e9cf,https://mirrorindy.org/indianapolis-health-and-hospital-funding-cuts-mike-braun-eskenazi-hospital/,mirrorindy.org,2025-08-01,ind,18097,Eskenazi Health loses $38 million used to care for uninsured patients,search,True,717,,jsonld,,hard_negative
a33ba802df87,https://www.wishtv.com/news/local-news/free-flu-shots-indianapolis-october-2025/,wishtv.com,2025-10-03,ind,18097,Indianapolis flu clinics offer free shots to residents of all ages,search,True,287,,jsonld,,quiet
bd9956251547,https://mirrorindy.org/indianapolis-hospital-visitor-restrictions-flu-rsv-cases/,mirrorindy.org,2025-12-18,ind,18097,"Indy hospitals impose visitor restrictions as flu, RSV cases rise",search,True,207,,jsonld,,respiratory
6c14787f49ee,https://www.wishtv.com/news/local-news/indianapolis-hospitals-limit-visitors/,wishtv.com,2025-12-18,ind,18097,Marion County hospitals to limit visitors due to flu and RSV surge,search,True,200,,jsonld,,respiratory
19d967af59df,https://mirrorindy.org/indianapolis-covid-wastewater-testing-high-activity-2025-holidays/,mirrorindy.org,2025-12-22,ind,18097,Indy's COVID-19 levels are increasing heading into the holidays,search,True,292,,jsonld,,respiratory
38133457f147,https://www.wfyi.org/news/articles/hospitals-restrict-visitors-as-flu-cases-rise,wfyi.org,2025-12-21,ind,18097,Hospitals restrict visitors as flu cases rise,search,True,287,,jsonld,,respiratory
48adc7162980,https://www.wishtv.com/news/local-news/indianapolis-hospital-visitor-restrictions/,wishtv.com,2025-12-22,ind,18097,"IU Health, Franciscan announce visitor restrictions amid surge in flu & RSV",search,True,370,,jsonld,,respiratory
4ca18efb287d,https://www.kctv5.com/2025/01/27/kansas-epicenter-historic-tuberculosis-outbreak/,kctv5.com,2025-01-27,kc,29095,Kansas at epicenter of historic tuberculosis outbreak,gdelt,True,236,,jsonld,2025-01-28,
8a6d74f5107a,https://www.kctv5.com/2025/01/29/missouri-issues-emergency-rule-expand-testing-bird-flu/,kctv5.com,2025-01-29,kc,29095,Missouri issues emergency rule to expand testing for bird flu,gdelt,True,205,18466480d825,jsonld,2025-01-29,
78eb257a74a3,https://www.kcur.org/politics-elections-and-government/2025-02-02/kansas-joins-lawsuit-to-stop-u-s-census-from-counting-noncitizens-it-could-hurt-communities,kcur.org,2025-02-01,kc,29095,Kansas joins lawsuit to stop U.S. Census from counting noncitizens. It could hurt communities,gdelt,True,716,,jsonld,2025-02-02,
b5cd2ca24305,https://www.kmbc.com/article/trump-terminates-fauci-security-detail/63545763,kmbc.com,2025-01-24,kc,29095,"Trump has pulled Fauci's security detail, according to reports",gdelt,True,238,,jsonld,2025-01-24,
c81a398725fc,https://www.kmbc.com/article/politics-roundup-top-stories-january-24-2025/63549653,kmbc.com,2025-01-24,kc,29095,Politics roundup: Top stories you may have missed this week,gdelt,True,882,,jsonld,2025-01-25,
5862cf1b539a,https://www.kmbc.com/article/bob-ross-paintings-auction-public-tv-funding/68883351,kmbc.com,2025-10-07,kc,29095,Bob Ross paintings to be auctioned to support public TV stations after federal funding cuts,gdelt,True,399,,jsonld,2025-10-07,
5aedf4609aa2,https://www.kmbc.com/article/how-federal-reserve-impacts-mortgage-rates/69713668,kmbc.com,2025-12-31,kc,29095,"Despite Fed rate cuts, mortgage rates could still go up",gdelt,True,620,,jsonld,2025-12-31,
632f2aa08ac9,https://www.kshb.com/news/local-news/flu-cases-surge-to-5-year-high-in-jackson-county-missouri,kshb.com,2026-01-02,kc,29095,"Flu cases surge to 5-year high in Jackson County, Missouri",gdelt,True,825,,jsonld,2026-01-03,
a87f2a422bbd,https://www.kctv5.com/2025/01/14/3-narcan-dispensers-installed-across-raytown-response-ongoing-epidemic/,kctv5.com,2025-01-14,kc,29095,3 Narcan dispensers installed across Raytown 'in response to the ongoing epidemic',search,True,258,,jsonld,,hard_negative
87e1e4bddca2,https://www.kcur.org/podcast/up-to-date/2025-02-02/drug-overdose-deaths-around-kansas-city-are-dropping-whats-working,kcur.org,2025-02-01,kc,29095,Drug overdose deaths around Kansas City are dropping. What's working?,search,True,205,,jsonld,,hard_negative
099d9f5a0db2,https://www.kctv5.com/2025/02/04/kansas-city-hospitals-seeing-an-increase-flu-cases-you-just-feel-awful/,kctv5.com,2025-02-04,kc,29095,Flu cases spike in Kansas City hospitals: 'You just feel awful',search,True,675,,jsonld,,respiratory
174983d27e48,https://www.kctv5.com/2025/09/16/local-organization-offer-free-flu-shots-kansas-missouri/,kctv5.com,2025-09-16,kc,29095,"Local organization to offer free flu shots in Kansas, Missouri",search,True,283,,jsonld,,quiet
a9af0fb97523,https://www.kcur.org/health/2025-10-27/kansas-city-health-experts-say-confusing-cdc-vaccine-guidance-risks-wider-spread-of-infections,kcur.org,2025-10-27,kc,29095,Kansas City health experts say confusing CDC vaccine guidance risks wider spread of infections,search,True,825,,jsonld,,quiet
4c6883924232,https://fox4kc.com/news/mize-elementary-school-cancels-classes-friday-due-to-increase-in-flu-cases/,fox4kc.com,2025-12-12,kc,29095,Mize Elementary School cancels classes Friday due to increase in flu cases,search,True,137,,jsonld,,respiratory
626d0aa1ff7e,https://www.kctv5.com/2025/12/19/flu-whooping-cough-measles-surge-kansas-city-metro-vaccination-rates-drop/,kctv5.com,2025-12-19,kc,29095,"Flu, whooping cough, measles surge as vaccination rates drop",search,True,615,,jsonld,,respiratory
df2011809af5,https://www.kctv5.com/2025/12/30/kansas-city-hospitals-treat-dozens-flu-cases-hit-very-high-level/,kctv5.com,2025-12-30,kc,29095,Kansas City hospitals treat dozens as flu cases hit 'very high' level,search,True,240,,jsonld,,respiratory
2813ad867b7c,https://www.kctv5.com/2025/12/30/missouri-among-states-with-highest-flu-activity-new-years-approaches/,kctv5.com,2025-12-30,kc,29095,Missouri among states with highest flu activity as New Year's approaches,search,True,442,,jsonld,,respiratory
6ad06e714e16,https://www.kcur.org/health/2025-12-31/flu-cases-shoot-up-in-missouri-following-national-trend,kcur.org,2025-12-31,kc,29095,"Flu cases shoot up in Missouri, following national trend",search,True,279,,jsonld,,respiratory
533b8d801ad9,https://fox4kc.com/health/concerns-grow-as-flu-cases-rise-across-the-kansas-city-metro/,fox4kc.com,2026-01-01,kc,29095,Concerns grow as flu cases rise across the Kansas City Metro,search,True,343,,jsonld,,respiratory
e65ae7514149,https://www.kctv5.com/2026/01/05/jackson-county-closes-december-with-spike-flu-cases-county-data-shows/,kctv5.com,2026-01-05,kc,29095,"Jackson County closes December with spike in flu cases, county data shows",search,True,288,,jsonld,,respiratory
09801ed52a93,https://www.kctv5.com/2026/01/08/kansas-city-flu-cases-double-1-week-now-very-high-levels/,kctv5.com,2026-01-07,kc,29095,Kansas City flu cases double in 1 week - now at 'very high' levels,search,True,478,,jsonld,,respiratory
a94b05d2a642,https://www.kshb.com/news/local-news/significant-increase-in-reported-flu-cases-in-kansas-city-missouri,kshb.com,2026-01-07,kc,29095,"'Significant increase' in reported flu cases in Kansas City, Missouri",search,True,224,,jsonld,,respiratory
1f225a4c5f0f,https://www.kctv5.com/2026/01/10/kansas-city-flu-surge-pushes-hospitals-delay-some-surgeries-creates-blood-shortage,kctv5.com,2026-01-09,kc,29095,"Kansas City flu surge pushes hospitals to delay some surgeries, creates blood shortage",search,True,589,,jsonld,,respiratory
a22acd7e60ea,https://www.kcur.org/health/2026-01-12/kansas-city-super-flu-variant-influenza-illness-sick-respiratory-hospital,kcur.org,2026-01-09,kc,29095,Kansas City hit by a new 'super flu' variant causing a surge of cases,search,True,596,,jsonld,,respiratory
07d9976223ba,https://www.kshb.com/news/local-news/staff-shortage-due-to-illness-cancels-friday-class-in-lafayette-county-c-1,kshb.com,2026-02-12,kc,29095,Staff shortage due to illness cancels Friday class in Lafayette County C-1,search,False,74,,jsonld,,respiratory
78ad1862ce5e,https://www.wdrb.com/news/2-8-million-chickens-threatened-in-southern-indiana-amid-bird-flu-outbreak-at-seymour-farm/article_c59f09ca-de60-11ef-a395-3b3748445d79.html,wdrb.com,2025-01-29,lou,21111,2.8 million chickens threatened in southern Indiana amid bird flu outbreak at Seymour farm,gdelt,True,652,,meta:datepublished,2025-01-30,
17e2503b8fae,https://www.wdrb.com/news/kentucky-reports-first-child-flu-death-of-the-season-as-health-officials-stress-vaccination/article_335cbe4b-7df3-458d-b2a8-86b6a15272f6.html,wdrb.com,2025-12-30,lou,21111,Kentucky reports first child flu death of the season as health officials stress vaccination,gdelt,True,544,,meta:datepublished,2025-12-31,
46961503e621,https://www.whas11.com/article/news/health/kentucky-health-officials-first-pediatric-flu-death/417-a3b399c6-d778-4bc3-94a5-69ea71137654,whas11.com,2025-12-30,lou,21111,Kentucky health officials respond after first pediatric flu death,gdelt,True,376,,meta:og:article:published_time,2025-12-30,
05844cbe3fe0,https://www.wlky.com/article/trump-military-orders-covid-vaccine-diversity/63573751,wlky.com,2025-01-27,lou,21111,Trump expected to sign new military executive orders,gdelt,True,1381,,jsonld,2025-01-27,
eb5ff8fac0e2,https://www.wave3.com/2025/01/17/kentucky-ranked-high-respiratory-illness-activity-by-cdc/,wave3.com,2025-01-17,lou,21111,Kentucky ranked high in respiratory illness activity by CDC,search,True,327,,jsonld,,respiratory
217d1faf5fca,https://www.wave3.com/2025/01/24/louisville-doctors-warn-new-quademic/,wave3.com,2025-01-23,lou,21111,Louisville doctors warn of new 'quademic',search,True,327,,jsonld,,respiratory
1e745f2a94ee,https://www.wave3.com/2025/01/30/seven-kids-hospitalized-louisville-area-schools-see-high-absences-amid-rising-flu-cases/,wave3.com,2025-01-30,lou,21111,"Seven kids hospitalized, Louisville area schools see high absences amid rising flu cases",search,True,460,,jsonld,,respiratory
355a795270bf,https://www.wdrb.com/news/flu-cases-on-the-rise-at-schools-in-louisville-southern-indiana/article_c470852e-e0fe-11ef-90d4-3b29ea51818d.html,wdrb.com,2025-02-01,lou,21111,"Flu cases on the rise at schools in Louisville, southern Indiana",search,True,613,,meta:datepublished,,respiratory
592f91441a6f,https://www.wdrb.com/news/education/jcps-reports-hundreds-of-flu-cases-as-other-school-districts-around-louisville-cancel-class/article_8b1b6a62-e3fd-11ef-8626-73efbbd471db.html,wdrb.com,2025-02-05,lou,21111,JCPS reports hundreds of flu cases as other school districts around Louisville cancel class,search,True,459,,meta:datepublished,,respiratory
b0fce09b05f0,https://www.wave3.com/2025/02/07/first-child-flu-death-season-reported-kentucky/,wave3.com,2025-02-07,lou,21111,First child flu death of season reported in Kentucky,search,True,161,,jsonld,,respiratory
097367975306,https://www.wave3.com/video/2025/03/10/2-more-child-flu-deaths-including-1-jefferson-county-reported-kentucky/,wave3.com,2025-03-11,lou,21111,"2 more child flu deaths, including 1 in Jefferson County, reported in Kentucky (video)",search,True,115,,meta:article:published_time,,respiratory
d8c29d6a0374,https://www.wave3.com/2025/04/16/first-look-inside-uofl-healths-186-million-west-tower/,wave3.com,2025-04-16,lou,21111,A first look inside UofL Health's $186 million West Tower,search,True,294,,jsonld,,hard_negative
97fc018d86f4,https://www.lpm.org/news/2025-04-21/a-louisville-mothers-push-to-curb-black-overdose-deaths,lpm.org,2025-04-21,lou,21111,A Louisville mother's push to curb Black overdose deaths,search,True,888,,jsonld,,hard_negative
2b4889ef13b0,https://www.whas11.com/article/news/local/metro-public-health-and-wellness-parks-recreation-covid-19-flu-tests-free/417-887c1133-3ad8-46ef-a810-af364632ec97,whas11.com,2025-11-03,lou,21111,"Louisville partners distribute free COVID-19, flu test kits citywide",search,True,287,,meta:og:article:published_time,,quiet
82a70d5cb3d4,https://www.wave3.com/2025/12/26/local-physician-talks-about-flu-cases-what-expect-this-strain/,wave3.com,2025-12-26,lou,21111,Local physician talks about flu cases and what to expect from this strain,search,True,275,,jsonld,,respiratory
313a465fcbe3,https://www.whas11.com/article/news/health/louisville-flu-cases-health-officials-urge-caution/417-e90e0f93-3c68-425e-9cb5-2898888d29b3,whas11.com,2025-12-29,lou,21111,Flu cases on the rise in Louisville as health officials urge caution heading into the New Year,search,True,397,,meta:og:article:published_time,2025-12-30,respiratory
eecf1422476a,https://www.wdrb.com/news/flu-cases-surge-in-jefferson-county-as-health-officials-stress-importance-of-vaccines/article_eef46bd5-6deb-4c8a-acdd-bfa486c03730.html,wdrb.com,2026-01-02,lou,21111,Flu cases surge in Jefferson County as health officials stress importance of vaccines,search,True,253,,meta:datepublished,,respiratory
f978440301be,https://www.wdrb.com/news/norton-childrens-hospital-reports-surge-in-pediatric-flu-cases-in-louisville/article_4ac5b1cc-1dad-4732-9bf5-f8dc30289149.html,wdrb.com,2026-02-25,lou,21111,Norton Children's Hospital reports surge in pediatric flu cases in Louisville,search,True,192,,meta:datepublished,,respiratory
31aae1e25932,https://www.actionnews5.com/2025/12/30/aggressive-flu-strain-spreads-across-us-with-experts-predicting-more-cases-after-holiday-travel/,actionnews5.com,2025-12-29,mem,47157,"Aggressive flu strain spreads across U.S., with experts predicting more cases after holiday travel",gdelt,True,543,,jsonld,2025-12-30,
67746926765e,https://www.wknofm.org/politics-npr-news/2025-01-26/trumps-q-a-on-air-force-one-goes-from-the-planes-color-to-tiktok-and-canada,wknofm.org,2025-01-25,mem,47157,Trump's Q&A on Air Force One goes from the plane's color to TikTok and Canada,gdelt,True,786,,jsonld,2025-01-26,
f9e4b3d8fdc5,https://www.wknofm.org/2025-01-29/national-assessment-on-reading-and-math-shows-students-still-struggling-post-pandemic,wknofm.org,2025-01-28,mem,47157,National assessment on reading and math shows students still struggling post-pandemic,gdelt,True,1437,,jsonld,2025-01-29,
269387e9e615,https://www.wknofm.org/politics-npr-news/2025-12-31/what-to-know-about-nick-shirley-the-youtuber-alleging-day-care-fraud-in-minnesota,wknofm.org,2025-12-31,mem,47157,"What to know about Nick Shirley, the YouTuber alleging day care fraud in Minnesota",gdelt,True,1121,,jsonld,2026-01-01,
c8494bd55ef8,https://dailymemphian.com/article/47096/as-flu-cases-rise-shelby-county-health-department-offers-free-shots,dailymemphian.com,2024-10-14,mem,47157,Shelby County Health Department offers free flu shots Oct. 15,search,False,72,,jsonld,,quiet
aec88c1bb2c7,https://www.fox13memphis.com/news/respiratory-infections-are-spiking-among-mid-south-kids-early-this-season/article_fe8a76ac-a2ce-11ef-b065-1f89142c5dec.html,fox13memphis.com,2024-11-14,mem,47157,Respiratory infections are spiking among Mid-South kids early this season,search,True,467,,meta:datepublished,,respiratory
6217d1b2ace3,https://wreg.com/news/cdc-reports-very-high-levels-of-flu-like-illness-in-tn/,wreg.com,2025-01-02,mem,47157,CDC reports 'very high' levels of flu-like illness in TN,search,True,453,,jsonld,,respiratory
ff901e182b6b,https://wreg.com/news/local/fayette-academy-to-close-thursday-and-friday-due-to-staggering-number-of-illnesses/,wreg.com,2025-01-29,mem,47157,Multiple schools closed through Friday due to 'staggering' number of illnesses,search,True,511,,jsonld,,respiratory
bc79f9178157,https://wreg.com/news/local/flu-and-norovirus-are-going-around-heres-what-you-can-do/,wreg.com,2025-01-30,mem,47157,Flu and norovirus are going around: Here's what you can do,search,True,294,,jsonld,,respiratory
1473d193d719,https://mlk50.com/2025/08/11/despite-an-ongoing-effort-hiv-infections-have-gotten-higher-in-memphis/,mlk50.com,2025-08-11,mem,47157,"Despite an ongoing effort, HIV infections have gotten higher in Memphis",search,True,2208,,jsonld,,hard_negative
40e5e15f8ee7,https://dailymemphian.com/article/54824/memphis-shelby-county-schools-students-mscs-illness-infectious-disease,dailymemphian.com,2025-09-05,mem,47157,"Memphis school students diagnosed with highly contagious, viral illness (hand, foot and mouth disease)",search,False,66,,jsonld,,hard_negative
f68aead06907,https://www.actionnews5.com/video/2025/10/14/shelby-county-health-dept-offers-free-flu-shots/,actionnews5.com,2025-10-14,mem,47157,Shelby County Health Dept. offers free flu shots (video),search,False,31,,meta:article:published_time,,quiet
e894e6d0d585,https://www.actionnews5.com/2025/12/01/shelby-co-health-department-predicts-small-decrease-hiv-aids-memphis-still-ranks-no-2/,actionnews5.com,2025-12-01,mem,47157,"Shelby Co. Health Department predicts small decrease in HIV and AIDs cases, but Memphis still ranks No. 2 in US",search,True,372,,jsonld,,hard_negative
c959afd00f87,https://www.fox13memphis.com/health/flu-season-hitting-harder-earlier-than-usual-spiking-cases-across-tennessee/article_b16cf385-957d-4aee-8363-c6eeaf6dccd6.html,fox13memphis.com,2025-12-30,mem,47157,"Flu season hitting harder & earlier than usual, spiking cases across Tennessee",search,True,328,,meta:datepublished,,respiratory
0b1e42e9aafa,https://www.fox13memphis.com/health/shelby-county-health-department-offering-free-flu-vaccines-at-january-community-events/article_11b1e749-f6b2-419f-bff2-81b38bd72226.html,fox13memphis.com,2025-12-31,mem,47157,Shelby County Health Department offering free flu vaccines at January community events,search,True,296,,meta:datepublished,,respiratory
b0e1ed128ec4,https://wreg.com/news/local/flu-cases-soaring-in-mid-south-states/,wreg.com,2026-01-06,mem,47157,Flu cases soaring in Mid-South states,search,False,0,,search,,respiratory
665ef9ee9b8f,https://www.actionnews5.com/2026/01/13/flu-activity-tennessee-trending-down-spread-still-among-worst-us-data-shows/,actionnews5.com,2026-01-12,mem,47157,"Flu activity in Tennessee trending down, but spread still among worst in US, data shows",search,True,351,,jsonld,,respiratory
6e491e08d81d,https://www.fox13memphis.com/news/health-experts-track-early-rise-in-respiratory-illnesses-ahead-of-fall-and-winter/article_ed02c862-1df7-4778-8244-c537285d8c00.html,fox13memphis.com,2026-09-07,mem,47157,Health experts track early rise in respiratory illnesses ahead of fall and winter,search,True,487,,meta:datepublished,,quiet
30e1588741b9,https://www.firstalert4.com/2025/01/27/mo-vs-china-case-over-covid-19-pandemic-heads-cape-girardeau-federal-court-monday/,firstalert4.com,2025-01-24,stl,,Mo. vs. China case over COVID-19 pandemic heads to Cape Girardeau federal court Monday,gdelt,True,266,,jsonld,2025-01-27,
18466480d825,https://www.firstalert4.com/2025/01/29/missouri-issues-emergency-rule-expand-testing-bird-flu/,firstalert4.com,2025-01-29,stl,,Missouri issues emergency rule to expand testing for bird flu,gdelt,True,205,,jsonld,2025-01-29,
521f880ca858,https://www.firstalert4.com/2025/01/30/restaurants-feel-pinch-rising-egg-prices/,firstalert4.com,2025-01-29,stl,,Restaurants feel the pinch of rising egg prices,gdelt,True,265,,jsonld,2025-01-30,
8449282730f7,https://www.firstalert4.com/2025/10/08/federal-government-shutdown-grinds-into-second-week-quiet-talks-emerging/,firstalert4.com,2025-10-08,stl,,"Federal government shutdown grinds into a second week, but quiet talks emerging",gdelt,True,959,,jsonld,2025-10-08,
853652b8a6ff,https://www.ksdk.com/article/news/health/we-will-see-a-continued-increase-flu-cases-spike-over-holidays-doctors-warn-its-just-the-beginning/63-2bcafa1d-5a2b-46a4-b90a-73907ff4abba,ksdk.com,2025-12-30,stl,,"'We will see a continued increase': Flu cases spike over holidays, doctors warn it's just the beginning",gdelt,False,0,,gdelt_seendate,2025-12-30,
89654fe9d529,https://www.stlamerican.com/education/snuggle-up-for-literacy-event-brings-huge-crowd-to-lewis-and-clark-library/,stlamerican.com,2025-01-23,stl,,Snuggle Up for Literacy event brings huge crowd to Lewis and Clark Library,gdelt,True,827,,jsonld,2025-01-30,
4046178538c9,https://www.stlamerican.com/business/st-louis-widens-water-bill-relief-program-for-struggling-residents/,stlamerican.com,2025-12-30,stl,,St. Louis widens water bill relief program for struggling residents,gdelt,True,424,,jsonld,2025-12-31,
037aa7b1b3d9,https://www.stltoday.com/news/nation-world/government-politics/trump-dei-pentagon-hegseth/article_32bbdc54-0697-5820-9291-5e4e34aeefaa.html,stltoday.com,2025-01-28,stl,,"New Trump orders on transgender troops, COVID expected",gdelt,False,0,,gdelt_seendate,2025-01-28,
ee0052049b95,https://www.firstalert4.com/2024/09/11/st-louis-childrens-hospital-launches-pilot-lockbox-program-aimed-reducing-drug-overdoses/,firstalert4.com,2024-09-11,stl,29510,St. Louis hospital aims to reduce drug overdoses in children,search,True,364,,jsonld,,hard_negative
6ff4015c3904,https://www.stlpr.org/health-science-environment/2024-09-24/new-covid-19-shots-now-available-what-else-changed,stlpr.org,2024-09-24,stl,29189,Health experts recommend updated COVID vaccines,search,True,1034,,jsonld,,quiet
05ec87aba0f6,https://www.firstalert4.com/2024/10/08/ssm-health-is-offering-drive-thru-flu-shots/,firstalert4.com,2024-10-08,stl,,SSM Health is offering drive-thru flu shots,search,True,150,,jsonld,,quiet
6dd3dc0ab590,https://www.stltoday.com/news/local/business/health-care/article_e711a9a4-8ce5-11ef-b1bb-37c0cdf13ad5.html,stltoday.com,2024-10-18,stl,,"COVID-19 and flu cases are down, making it the perfect time to get vaccinated",search,False,120,,meta:datepublished,,quiet
1899d3e5dd50,https://www.stltoday.com/news/local/metro/article_7e43ad72-9704-11ef-8703-bf9f4be10b4f.html,stltoday.com,2024-10-31,stl,,Whooping cough cases surge in Missouri as vaccination rates drop,search,False,55,,meta:datepublished,,respiratory
305b6ec16a4c,https://spectrumlocalnews.com/mo/st-louis/news/2024/11/04/st--louis-county-flu-vaccine,spectrumlocalnews.com,2024-11-04,stl,29189,St. Louis County wants you to get the flu vaccine ahead of the holidays,search,True,508,,jsonld,,quiet
772db0a186e4,https://www.stlpr.org/health-science-environment/2024-11-04/whooping-cough-spikes-dramatically-among-missourians,stlpr.org,2024-11-04,stl,,Whooping cough on the rise in Missouri,search,True,363,,jsonld,,respiratory
3c55f3dbef15,https://www.stlpr.org/health-science-environment/2024-11-04/st-louis-county-officials-urge-people-to-get-flu-shots-before-holidays-kick-off,stlpr.org,2024-11-04,stl,29189,St. Louis County officials urge people to get flu shots before holidays kick off,search,True,404,,jsonld,,quiet
7caa0f2abf8f,https://www.stltoday.com/news/local/education/article_a9c58b1e-a3a2-11ef-9373-6f218b5307b5.html,stltoday.com,2024-11-16,stl,,About 12 hospitalized in E. coli outbreak tied to Rockwood Summit High-related events,search,False,145,,meta:datepublished,,hard_negative
701debfd9bbb,https://fox2now.com/news/whooping-cough-cases-skyrocket-in-missouri-nationwide/,fox2now.com,2024-11-26,stl,29189,"Whooping cough cases skyrocket in Missouri, nationwide",search,True,277,,jsonld,,respiratory
c38cf4a9bc16,https://www.stlpr.org/health-science-environment/2024-11-27/most-whooping-cough-cases-in-st-louis-county-are-reported-by-one-clinic,stlpr.org,2024-11-27,stl,29189,St. Louis County clinic reports most whooping cough cases,search,True,658,,jsonld,,respiratory
bef9a5470193,https://spectrumlocalnews.com/mo/st-louis/around-st-louis/2024/12/04/increased-whooping-cough-in-missouri,spectrumlocalnews.com,2024-12-04,stl,29189,Missouri and St. Louis Whooping Cough increase,search,True,497,,jsonld,,respiratory
e9599bff7e5d,https://www.stlpr.org/news-briefs/2024-12-12/st-charles-school-cancels-class-as-one-third-of-its-students-are-out-sick,stlpr.org,2024-12-12,stl,,St. Charles school cancels class as one-third of its students are out sick,search,True,219,,jsonld,,respiratory
d9a4875e718f,https://www.firstalert4.com/2024/12/31/urgent-cares-across-st-louis-metro-see-influx-patients-this-holiday-season/,firstalert4.com,2024-12-30,stl,,Urgent Cares across St. Louis Metro see influx of patients this holiday season,search,True,401,,jsonld,,respiratory
b5191bda119e,https://www.stltoday.com/news/local/government-politics/article_ec1d89f2-cd7e-11ef-b508-438934524108.html,stltoday.com,2025-01-08,stl,,Children's psychiatric hospital plan draws a crowd at Webster Groves hearing,search,False,163,,meta:datepublished,,hard_negative
873bbcec687c,https://spectrumlocalnews.com/mo/st-louis/news/2025/01/09/rsv-vaccine-mercy-ssm-pediatrics,spectrumlocalnews.com,2025-01-09,stl,,Local doctors speak on RSV before season's peak,search,True,742,,jsonld,,respiratory
fb22c1597796,https://fox2now.com/news/missouri/urban-league-hosts-free-covid-19-vaccine-event/,fox2now.com,2025-01-11,stl,29510,Urban League hosts free COVID-19 vaccine event,search,True,134,,jsonld,,quiet
6764feb291e2,https://www.stlpr.org/health-science-environment/2025-01-15/illinois-rsv-flu-norovirus-viruses-peak-last-longer,stlpr.org,2025-01-15,stl,,"Illinois is seeing a 'quademic' of viruses, and this year's peak may last longer",search,True,1073,,jsonld,,respiratory
06616f835d8e,https://fox2now.com/news/missouri/flu-cases-surge-in-st-louis-urgent-care-overwhelmed/,fox2now.com,2025-01-29,stl,,"Flu cases surge in St. Louis, urgent cares overwhelmed",search,True,397,,jsonld,,respiratory
636517323d67,https://spectrumlocalnews.com/mo/st-louis/news/2025/01/29/flu--covid--rsv-levels--very-high--across-u-s-,spectrumlocalnews.com,2025-01-29,stl,,"Flu, Covid, RSV levels 'very high' across U.S.",search,True,103,,jsonld,,respiratory
4583dfe16e28,https://www.stltoday.com/news/local/government-politics/article_0f9efb90-de55-11ef-9dc4-f7c66b33d9eb.html,stltoday.com,2025-01-29,stl,,Missouri racing to speed up testing for bird flu,search,False,110,,meta:datepublished,,hard_negative
2a58eeb437b6,https://fox2now.com/news/missouri/flu-cases-surge-in-the-city-doctors-share-reminders-for-all/,fox2now.com,2025-01-31,stl,,"Flu cases surge in the city, doctors share reminders for all",search,False,0,,search,,respiratory
3bc0b2ef24f8,https://spectrumlocalnews.com/mo/st-louis/news/2025/02/05/illinois-respiratory-illnesses-high,spectrumlocalnews.com,2025-02-05,stl,,Illinois respiratory illnesses high,search,True,192,,jsonld,,respiratory
225c957e7a0c,https://fox2now.com/news/missouri/potosi-school-district-closes-schools-due-to-flu-outbreak/,fox2now.com,2025-02-13,stl,,Potosi School District closes schools due to flu outbreak,search,True,94,,jsonld,,respiratory
13a3a19a5442,https://spectrumlocalnews.com/mo/st-louis/news/2025/02/14/city-of-st--louis-ranks--high--on-influenza-activity,spectrumlocalnews.com,2025-02-14,stl,,"City of St. Louis ranks ""high"" on influenza activity",search,True,225,,jsonld,,respiratory
4a46c806830f,https://www.stltoday.com/news/local/column/aisha-sultan/article_d40a8630-e94e-11ef-bf6b-2fb5c3d06a50.html,stltoday.com,2025-02-14,stl,,Sultan: Staying healthy when everyone has the flu,search,True,84,,meta:datepublished,,respiratory
de5b81e27245,https://www.firstalert4.com/2025/02/18/flu-cases-missouri-illinois-reach-very-high-level-according-cdc/,firstalert4.com,2025-02-17,stl,,Flu cases in Missouri and Illinois reach 'Very High' level according to CDC,search,True,296,,jsonld,,respiratory
de03e2f6a200,https://www.stltoday.com/news/local/government-politics/article_2b76bde6-eb05-11ef-b5e2-b7a3cee7186b.html,stltoday.com,2025-02-17,stl,,"In fight against fentanyl, Missouri poised to test schools for drugs",search,False,89,,meta:datepublished,,hard_negative
c0e9d1203725,https://www.stltoday.com/news/local/business/health-care/article_f94a4c7a-eb22-11ef-8a1e-2392b7c3797a.html,stltoday.com,2025-02-18,stl,,St. Louis-area hospital systems deposit $15M into credit union's loan program for minority-owned businesses,search,False,45,,meta:datepublished,,hard_negative
d880437c14b1,https://fox2now.com/news/missouri/how-bad-is-the-flu-in-missouri-right-now-143-rise-in-cases-since-last-year/,fox2now.com,2025-02-19,stl,,How bad is the flu in Missouri right now? 143% rise in cases since last year,search,True,316,,jsonld,,respiratory
f66ef143f494,https://www.stltoday.com/news/local/metro/flu-is-back-with-a-vengeance-in-missouri/article_c8d09824-ee47-11ef-91f7-47e61d9cbe20.html,stltoday.com,2025-02-20,stl,,Flu is back with a vengeance in Missouri,search,False,152,,meta:datepublished,,respiratory
80af951c51ec,https://www.stltoday.com/news/local/business/article_f00eb4de-e7cb-11ef-886a-771b5765e3b6.html,stltoday.com,2025-02-25,stl,,"As egg prices surge, St. Louis-area farmers fight to protect their hens",search,False,42,,meta:datepublished,,hard_negative
a1979000d207,https://www.firstalert4.com/2025/02/28/wild-duck-found-dead-bird-flu-saint-louis-zoo-causing-closure-some-avian-exhibits/,firstalert4.com,2025-02-28,stl,,Wild duck found dead of bird flu at Saint Louis Zoo causing closure of some avian exhibits,search,True,158,,jsonld,,hard_negative
4bc7ff914d9c,https://www.stlpr.org/news-briefs/2025-05-05/st-louis-county-animal-shelter-has-experienced-its-worst-ever-outbreak-of-parvovirus,stlpr.org,2025-05-05,stl,29189,St. Louis County animal shelter is dealing with parvovirus outbreak,search,True,490,,jsonld,,hard_negative
3ad271be574d,https://fox2now.com/news/missouri/get-paid-3425-to-get-the-flu-at-slu-clinical-trial/,fox2now.com,2025-05-22,stl,,"Get paid $3,425 to get the flu at SLU clinical trial",search,True,364,,jsonld,,quiet
eab6d2f491c5,https://www.stlpr.org/show/st-louis-on-the-air/2025-05-28/the-return-of-hotel-influenza-where-guests-get-paid-to-get-sick,stlpr.org,2025-05-28,stl,,"The return of 'Hotel Influenza,' where guests get paid to get sick",search,True,606,,jsonld,,quiet
bb1faa7c3a0c,https://spectrumlocalnews.com/mo/st-louis/news/2025/06/05/slu-is-paying-healthy-candidates-up-to--3-425-to-be-infected-with-influenza-a,spectrumlocalnews.com,2025-06-05,stl,,"SLU is paying healthy candidates up to $3,425 to be infected with influenza A",search,True,640,,jsonld,,quiet
7fb5009aca98,https://www.stltoday.com/news/local/metro/article_ac234bf6-b9b0-4b23-a4ce-8cca3ddb5514.html,stltoday.com,2025-07-24,stl,,Extreme heat will get worse in St. Louis over the weekend,search,False,136,,meta:datepublished,,hard_negative
c7b80d07916c,https://fox2now.com/news/missouri/stl-county-sees-surge-in-whooping-cough-cases/,fox2now.com,2025-08-06,stl,29189,STL County sees surge in whooping cough cases,search,True,467,,jsonld,,respiratory
d7e1a93c9ccc,https://www.stltoday.com/news/local/government-politics/article_2832f0c4-be84-47c1-afe6-1d6fdbd1335a.html,stltoday.com,2025-08-11,stl,,"Five years after Missouri voters expanded Medicaid, sign-ups exceed expectations",search,False,112,,meta:datepublished,,hard_negative
6b7cb5367371,https://www.stltoday.com/news/local/business/article_5e4b338d-d5e8-4870-b99d-8e4697c7f767.html,stltoday.com,2025-08-22,stl,,"BJC HealthCare is phasing out pension benefits, bars new participants",search,False,138,,meta:datepublished,,hard_negative
3b09e1489b8c,https://www.stltoday.com/news/local/business/health-care/article_d097b789-dd02-4506-9fb3-1a31995b3216.html,stltoday.com,2025-08-30,stl,,Can I still get a COVID shot? What you need to know after a confounding week.,search,True,1425,,meta:datepublished,,quiet
fbdb8651b57b,https://www.stlpr.org/health-science-environment/2025-09-05/missouri-covid-19-vaccine-updated-changes,stlpr.org,2025-09-05,stl,,Some Missouri patients will have to work harder to find a COVID-19 shot this year,search,True,1150,,jsonld,,quiet
1423222efcc5,https://www.stlpr.org/health-science-environment/2025-09-18/jefferson-county-health-department-officials-hope-10-million-new-building-builds-trust,stlpr.org,2025-09-18,stl,,Jefferson County Health Department officials hope new $10 million building builds trust,search,True,637,,jsonld,,hard_negative
9ead7e8be62b,https://www.stlpr.org/health-science-environment/2025-09-19/illinois-issue-own-vaccine-guidelines,stlpr.org,2025-09-19,stl,,Illinois to issue its own vaccine guidelines,search,True,540,,jsonld,,quiet
0b0684f1ab2c,https://www.stlpr.org/health-science-environment/2025-10-16/missouri-significant-drop-drug-overdose-deaths-second-straight-year,stlpr.org,2025-10-16,stl,,Missouri sees 'significant' drop in drug overdose deaths for second straight year,search,True,1067,,jsonld,,hard_negative
4b7f20e50351,https://www.firstalert4.com/2025/12/12/doctors-warn-potentially-stronger-flu-season-new-variant-emerges/,firstalert4.com,2025-12-12,stl,,Doctors warn of potentially stronger flu season as new variant emerges,search,True,435,,jsonld,,respiratory
d3f79ed29ca7,https://www.firstalert4.com/2025/12/30/st-louis-doctors-warn-possible-perfect-storm-flu-season-post-holiday-spike-looms/,firstalert4.com,2025-12-30,stl,29189,"St. Louis doctors warn of possible ""perfect storm"" flu season as post-holiday spike looms",search,True,300,,jsonld,,respiratory
654b9eace2c9,https://www.firstalert4.com/2025/12/31/jefferson-county-reports-two-covid-19-deaths-december/,firstalert4.com,2025-12-30,stl,,Jefferson County reports two COVID-19 deaths in December,search,False,58,,jsonld,,respiratory
4cc4c4ad37d9,https://spectrumlocalnews.com/mo/st-louis/news/2025/12/31/missouri-st-louis-jefferson-county-flu-covid,spectrumlocalnews.com,2025-12-31,stl,29189,Respiratory diseases rampant across Missouri,search,True,429,,jsonld,,respiratory
bb62b785f238,https://www.stlpr.org/news-briefs/2025-12-31/flu-cases-shoot-up-in-missouri-following-national-trend,stlpr.org,2025-12-31,stl,,"Flu cases shoot up in Missouri, following national trend",search,True,292,6ad06e714e16,jsonld,,respiratory
847cc141fd66,https://www.firstalert4.com/2026/01/05/flu-cases-spiking-earlier-season-than-previous-years/,firstalert4.com,2026-01-05,stl,29189,Flu cases spiking earlier in Missouri than previous years,search,True,139,,jsonld,,respiratory
428dd2b0a8c3,https://www.firstalert4.com/2026/01/07/st-louis-sees-rise-flu-other-respiratory-viruses/,firstalert4.com,2026-01-07,stl,,St. Louis sees rise in flu and other respiratory viruses,search,True,423,,jsonld,,respiratory
dae8a682f1bd,https://www.stlpr.org/health-science-environment/2026-01-08/flu-cases-surge-st-louis-officials-issue-health-advisory,stlpr.org,2026-01-08,stl,,"Flu cases surge in St. Louis, city officials issue health advisory",search,True,498,,jsonld,,respiratory
a78e43978a9c,https://www.firstalert4.com/2026/01/15/missouri-illinois-say-school-vaccine-requirements-unchanged-after-cdc-recommendation-shift/,firstalert4.com,2026-01-15,stl,29189,"Missouri, Illinois say school vaccine requirements unchanged after CDC recommendation shift",search,True,388,,jsonld,,respiratory
fae568720463,https://spectrumlocalnews.com/mo/st-louis/news/2026/01/15/st-louis-county-flu-vaccination-push,spectrumlocalnews.com,2026-01-15,stl,29189,St. Louis County stresses flu vaccination amidst surge,search,True,416,,jsonld,,respiratory
6529d88dd7c2,https://www.stlpr.org/news-briefs/2026-01-15/st-louis-county-breaks-federal-vaccine-guidelines,stlpr.org,2026-01-15,stl,29189,St. Louis County breaks with federal vaccine guidelines amid nasty flu season,search,True,482,,jsonld,,respiratory
8d5d21cfc49d,https://www.firstalert4.com/2026/01/16/missouri-makes-progress-processing-medicaid-applications-state-cites-staff-increase/,firstalert4.com,2026-01-16,stl,,Missouri makes progress on processing Medicaid applications; state cites staff increase,search,True,568,,jsonld,,hard_negative
6681745cbd76,https://www.stlpr.org/health-science-environment/2026-01-27/illinois-worst-flu-season-years-vaccine-skepticism-grows,stlpr.org,2026-01-27,stl,,Illinois sees its worst flu season in recent years as vaccine skepticism grows,search,True,886,,jsonld,,respiratory
d9eba9d13304,https://www.firstalert4.com/2026/02/25/chances-are-you-probably-know-someone-whos-been-sick-with-flu-recently/,firstalert4.com,2026-02-25,stl,,Chances are you probably know someone who's been sick with the flu recently,search,True,169,,jsonld,,respiratory
ecd207bb2552,https://www.stlpr.org/health-science-environment/2026-03-02/flu-st-louis-county-kids,stlpr.org,2026-03-02,stl,29189,"Flu continues to sicken St. Louis County, especially kids",search,True,373,,jsonld,,respiratory
bfe9d7055937,https://www.firstalert4.com/2026/03/03/missouri-bill-looks-nurses-address-health-care-shortage/,firstalert4.com,2026-03-03,stl,,Missouri bill looks to nurses to address health care shortage,search,True,361,,jsonld,,hard_negative
96bb685f202b,https://labortribune.com/influenza-leads-outbreaks-in-missouri/,labortribune.com,2026-03-05,stl,,Influenza leads outbreaks in Missouri,search,False,44,,jsonld,,respiratory
652d31cf4482,https://labortribune.com/is-it-too-late-to-get-a-flu-shot/,labortribune.com,2026-03-19,stl,,Is it too late to get a flu shot?,search,False,61,,jsonld,,respiratory
d4e4c02187f5,https://www.stlpr.org/health-science-environment/2026-04-07/rsv-cases-still-high-this-spring-missouri-wont-extend-vaccination-window,stlpr.org,2026-04-07,stl,,"RSV cases are still high this spring, but Missouri won't extend its vaccination window",search,True,170,,jsonld,,quiet
f6529f874899,https://www.firstalert4.com/2026/06/16/washu-medicine-study-finds-new-mrna-flu-vaccine-could-reduce-hospitalizations-deaths/,firstalert4.com,2026-06-16,stl,,"WashU Medicine study finds new mRNA flu vaccine could reduce hospitalizations, deaths",search,True,492,,jsonld,,quiet
38d5e11b79d6,https://www.firstalert4.com/2026/06/29/health-experts-warn-heat-risks-temperatures-stay-dangerous-through-friday/,firstalert4.com,2026-06-29,stl,,Health experts warn of heat risks as temperatures stay dangerous through Friday,search,True,322,,jsonld,,hard_negative
f8f3267d6f03,https://www.stlpr.org/health-science-environment/2026-07-02/covid-19-made-mrna-vaccines-mainstream-washu-researchers-say-flu-shots-are-next,stlpr.org,2026-07-02,stl,,COVID-19 made mRNA vaccines mainstream. WashU researchers say flu shots are next,search,True,723,,jsonld,,quiet
534e27b265cc,https://www.firstalert4.com/2026/07/29/st-louis-county-sees-spike-cyclospora-cases-bringing-total-117/,firstalert4.com,2026-07-29,stl,29189,St. Louis County sees spike of Cyclospora cases bringing total to 117,search,True,119,,jsonld,,hard_negative
6cb28717bb1c,https://www.stlpr.org/health-science-environment/2026-08-25/metro-east-lawmaker-granite-city-hospital,stlpr.org,2026-08-25,stl,,Metro East lawmaker seeks answers about Granite City hospital in letter to CEOs,search,True,467,,jsonld,,hard_negative
68e96c757941,https://www.firstalert4.com/2026/09/03/gateway-regionals-medicare-status-jeopardy-after-federal-review/,firstalert4.com,2026-09-02,stl,,Gateway Regional's Medicare status in jeopardy after federal review,search,True,759,,jsonld,,hard_negative
942237f5aec9,https://www.firstalert4.com/2026/09/09/washu-researchers-help-pave-way-newly-approved-mrna-flu-vaccine/,firstalert4.com,2026-09-08,stl,,WashU researchers help pave way for newly approved mRNA flu vaccine,search,True,675,,jsonld,,quiet
be32d8868add,https://www.stlpr.org/law-order/2026-09-24/therapy-returns-for-st-louis-county-jail-residents-in-an-effort-to-address-mental-health-needs,stlpr.org,2026-09-24,stl,29189,Therapy returns for St. Louis County jail residents in an effort to address mental health needs,search,True,948,,jsonld,,hard_negative
0a910c818d37,https://www.firstalert4.com/2026/09/29/saint-louis-county-reports-public-health-alert-due-spike-non-fatal-overdoses/,firstalert4.com,2026-09-28,stl,,Saint Louis County reports public health alert due to spike in non-fatal overdoses,search,True,561,,jsonld,,hard_negative
